-- phpMyAdmin SQL Dump
-- version 4.0.6deb1
-- http://www.phpmyadmin.net
--
-- Host: localhost
-- Generation Time: Mar 21, 2014 at 07:40 PM
-- Server version: 5.5.35-0ubuntu0.13.10.2
-- PHP Version: 5.5.3-1ubuntu2.2

SET SQL_MODE = "NO_AUTO_VALUE_ON_ZERO";
SET time_zone = "+00:00";


/*!40101 SET @OLD_CHARACTER_SET_CLIENT=@@CHARACTER_SET_CLIENT */;
/*!40101 SET @OLD_CHARACTER_SET_RESULTS=@@CHARACTER_SET_RESULTS */;
/*!40101 SET @OLD_COLLATION_CONNECTION=@@COLLATION_CONNECTION */;
/*!40101 SET NAMES utf8 */;

--
-- Database: `megasenha`
--

-- --------------------------------------------------------

--
-- Table structure for table `admin`
--

DROP TABLE IF EXISTS `admin`;
CREATE TABLE IF NOT EXISTS `admin` (
  `id` int(11) NOT NULL AUTO_INCREMENT,
  `usuario` varchar(255) NOT NULL,
  `senha` varchar(255) NOT NULL,
  `permissao` tinyint(1) NOT NULL,
  PRIMARY KEY (`id`)
) ENGINE=InnoDB  DEFAULT CHARSET=utf8 AUTO_INCREMENT=15 ;

--
-- Dumping data for table `admin`
--

INSERT INTO `admin` (`id`, `usuario`, `senha`, `permissao`) VALUES
(10, 'eric', 'Cxb+GFKqAS3ixkfMdy4XN8S8x0y1ULr7eQVm4TMke/LtTOoKIZ7Mk2ovJ7O3KiuCUBAlUpc4anus2z9dKMRhgg==', 1),
(11, 'denis', 'glXAeJ1jyB7oU4weGZSOQcbBCOpctucVLBvvenwhUAjO6CNRFePSvFIAFQ2sVkAJFGb0vjPQWIQIL/XO7gyRJw==', 1),
(12, 'flavio', 'F/M7WGEEKgKL3xCL0vMLkRJHlQAcBpiD4h12Guy5C78WR5j/Eoy1iFqt8a9R67KCzNnTlHxMUlmpG6yIGEC0WQ==', 0),
(13, 'Marcelo', '57EczFbIj/VDuvslIMYbCal94pyU+w7zrPlypY7uCBr707dpOhbHNIZhUONTRl+U0uA4V3pBWB/dFfSGDmtjJA==', 1),
(14, 'Luciana', 'clq35ircu0f/tWFbpZ3v+XeI0OvBqd6z8j/hN6AZWYoyiEUkR7wPBLdOmjoatG3GbnBOLS/ENXLjZB6aIxFArw==', 0);

-- --------------------------------------------------------

--
-- Table structure for table `configuracoes`
--

DROP TABLE IF EXISTS `configuracoes`;
CREATE TABLE IF NOT EXISTS `configuracoes` (
  `id_configuracao` int(11) NOT NULL AUTO_INCREMENT,
  `label` text NOT NULL,
  `key` varchar(50) NOT NULL,
  `value` varchar(50) NOT NULL,
  PRIMARY KEY (`id_configuracao`)
) ENGINE=InnoDB  DEFAULT CHARSET=utf8 AUTO_INCREMENT=13 ;

--
-- Dumping data for table `configuracoes`
--

INSERT INTO `configuracoes` (`id_configuracao`, `label`, `key`, `value`) VALUES
(1, 'Pontos 1ª Fase', 'ponto_fase1', '5'),
(2, 'Prêmio 1ª Fase', 'premio_fase1', '10.000'),
(3, 'Pontos 2ª Fase', 'ponto_fase2', '5'),
(4, 'Prêmio 2ª Fase', 'premio_fase2', '15.000'),
(5, 'Pontos 3ª Fase', 'ponto_fase3', '5'),
(6, 'Prêmio 3ª Fase', 'premio_fase3', '25.000'),
(7, 'Pontos 4ª Fase', 'ponto_fase4', '5'),
(8, 'Prêmio 4ª Fase', 'premio_fase4', '50.000'),
(9, 'Pontos 5ª Fase', 'ponto_fase5', '5'),
(10, 'Prêmio 5ª Fase', 'premio_fase5', '150.000'),
(11, 'Pontos 6ª Fase', 'ponto_fase6', '5'),
(12, 'Prêmio 6ª Fase', 'premio_fase6', '750.000');

-- --------------------------------------------------------

--
-- Table structure for table `jogadores`
--

DROP TABLE IF EXISTS `jogadores`;
CREATE TABLE IF NOT EXISTS `jogadores` (
  `id_jogador` int(10) unsigned NOT NULL AUTO_INCREMENT,
  `fbid` bigint(20) NOT NULL,
  `nome` varchar(150) NOT NULL,
  `email` varchar(150) NOT NULL,
  `telefone` varchar(16) NOT NULL,
  `compartilhou` tinyint(1) NOT NULL DEFAULT '0',
  PRIMARY KEY (`id_jogador`)
) ENGINE=InnoDB  DEFAULT CHARSET=utf8 AUTO_INCREMENT=6 ;

--
-- Dumping data for table `jogadores`
--

INSERT INTO `jogadores` (`id_jogador`, `fbid`, `nome`, `email`, `telefone`, `compartilhou`) VALUES
(1, 100000472258811, 'Flávio Pereira da Cruz', 'pereiracruz2002@gmail.com', '', 0),
(2, 100005763223822, 'Pessoa Facileme WV', 'eric@wvtodoz.com.br', '', 0),
(3, 100001726303333, 'Thiago Arruda', 'eusounopelo@gmail.com', '', 0),
(4, 100002101100235, 'Selva Salerno', 't62@terra.com.br', '', 0),
(5, 100000533223838, 'Osmar De Souza Queiroz', 'ramsosmar@gmail.com', '', 0);

-- --------------------------------------------------------

--
-- Table structure for table `jogos`
--

DROP TABLE IF EXISTS `jogos`;
CREATE TABLE IF NOT EXISTS `jogos` (
  `id_jogo` int(10) unsigned NOT NULL AUTO_INCREMENT,
  `data` timestamp NOT NULL DEFAULT CURRENT_TIMESTAMP,
  `id_jogador` int(10) unsigned NOT NULL,
  `pontuacao` int(8) NOT NULL,
  `etapa_final` tinyint(1) NOT NULL,
  `premio` double(8,3) NOT NULL,
  PRIMARY KEY (`id_jogo`),
  KEY `id_jogador` (`id_jogador`)
) ENGINE=InnoDB  DEFAULT CHARSET=utf8 AUTO_INCREMENT=163 ;

--
-- Dumping data for table `jogos`
--

INSERT INTO `jogos` (`id_jogo`, `data`, `id_jogador`, `pontuacao`, `etapa_final`, `premio`) VALUES
(27, '2014-03-14 14:26:58', 1, 0, 0, 0.000),
(28, '2014-03-14 14:29:26', 1, 0, 0, 0.000),
(29, '2014-03-14 14:31:48', 1, 10, 1, 10.000),
(30, '2014-03-14 14:34:07', 1, 10, 1, 10.000),
(31, '2014-03-14 14:36:01', 1, 10, 1, 20.000),
(32, '2014-03-14 14:39:45', 1, 0, 0, 0.000),
(33, '2014-03-14 14:39:58', 1, 10, 1, 10.000),
(34, '2014-03-14 14:40:14', 1, 0, 0, 0.000),
(35, '2014-03-14 14:40:59', 1, 10, 1, 10.000),
(36, '2014-03-14 14:41:27', 1, 150, 5, 400.000),
(37, '2014-03-14 14:47:32', 2, 0, 0, 0.000),
(38, '2014-03-14 14:47:48', 2, 0, 0, 0.000),
(39, '2014-03-14 14:48:19', 2, 0, 0, 0.000),
(40, '2014-03-14 14:48:28', 1, 10, 1, 10.000),
(41, '2014-03-14 14:51:02', 1, 10, 1, 10.000),
(42, '2014-03-14 14:53:12', 1, 10, 1, 130.000),
(43, '2014-03-14 15:13:54', 1, 10, 1, 890.000),
(44, '2014-03-14 17:30:34', 1, 10, 1, 60.000),
(45, '2014-03-14 17:40:08', 1, 10, 1, 10.000),
(46, '2014-03-14 17:40:56', 1, 10, 1, 10.000),
(47, '2014-03-14 17:42:06', 1, 10, 1, 30.000),
(48, '2014-03-14 17:45:32', 1, 10, 1, 10.000),
(49, '2014-03-14 17:46:44', 1, 10, 1, 10.000),
(50, '2014-03-14 17:47:38', 1, 10, 1, 490.000),
(51, '2014-03-14 18:27:25', 2, 0, 0, 0.000),
(52, '2014-03-14 18:29:39', 2, 25, 3, 75.000),
(53, '2014-03-14 18:33:01', 2, 25, 3, 75.000),
(54, '2014-03-14 18:39:21', 2, 10, 1, 10.000),
(55, '2014-03-14 18:41:01', 2, 10, 1, 10.000),
(56, '2014-03-14 18:42:52', 2, 10, 1, 20.000),
(57, '2014-03-14 18:46:00', 2, 10, 1, 10.000),
(58, '2014-03-14 18:46:51', 2, 10, 1, 10.000),
(59, '2014-03-14 18:47:04', 2, 0, 0, 0.000),
(60, '2014-03-14 18:47:21', 2, 10, 1, 10.000),
(61, '2014-03-14 18:48:15', 2, 10, 1, 10.000),
(62, '2014-03-14 18:48:28', 2, 10, 1, 10.000),
(63, '2014-03-14 18:48:40', 2, 0, 0, 0.000),
(64, '2014-03-14 18:48:54', 2, 0, 0, 0.000),
(65, '2014-03-14 18:49:31', 2, 0, 0, 0.000),
(66, '2014-03-14 18:49:55', 2, 0, 0, 0.000),
(67, '2014-03-14 18:50:07', 2, 0, 0, 0.000),
(68, '2014-03-14 18:50:59', 2, 0, 0, 0.000),
(69, '2014-03-14 18:51:16', 2, 0, 0, 0.000),
(70, '2014-03-14 18:51:24', 2, 0, 0, 0.000),
(71, '2014-03-14 18:51:32', 2, 0, 0, 0.000),
(72, '2014-03-14 18:51:45', 3, 10, 1, 20.000),
(73, '2014-03-14 18:51:49', 2, 0, 0, 0.000),
(74, '2014-03-14 18:51:53', 2, 10, 1, 10.000),
(75, '2014-03-14 18:52:18', 2, 0, 0, 0.000),
(76, '2014-03-14 18:54:20', 2, 10, 1, 10.000),
(77, '2014-03-14 18:55:00', 2, 0, 0, 0.000),
(78, '2014-03-14 18:55:18', 2, 10, 1, 90.000),
(79, '2014-03-14 18:57:20', 3, 0, 0, 0.000),
(80, '2014-03-14 18:58:37', 3, 10, 1, 210.000),
(81, '2014-03-14 19:03:02', 1, 10, 1, 130.000),
(82, '2014-03-14 19:09:48', 2, 0, 0, 0.000),
(83, '2014-03-14 19:10:13', 2, 10, 1, 40.000),
(84, '2014-03-14 19:15:57', 2, 0, 0, 0.000),
(85, '2014-03-14 19:17:27', 1, 10, 1, 90.000),
(86, '2014-03-14 19:24:54', 1, 0, 0, 0.000),
(87, '2014-03-14 19:25:55', 1, 10, 1, 30.000),
(88, '2014-03-14 19:28:26', 2, 0, 0, 0.000),
(89, '2014-03-14 19:29:00', 2, 0, 0, 0.000),
(90, '2014-03-14 19:29:07', 2, 0, 0, 0.000),
(91, '2014-03-14 19:30:24', 1, 10, 1, 20.000),
(92, '2014-03-14 19:32:45', 1, 10, 1, 20.000),
(93, '2014-03-14 19:34:26', 1, 10, 1, 240.000),
(94, '2014-03-14 19:40:02', 1, 10, 1, 50.000),
(95, '2014-03-14 19:48:32', 1, 10, 1, 50.000),
(96, '2014-03-14 19:57:39', 1, 0, 0, 0.000),
(97, '2014-03-14 20:07:26', 1, 10, 1, 460.000),
(98, '2014-03-14 20:08:10', 4, 10, 1, 320.000),
(99, '2014-03-14 21:06:45', 3, 10, 1, 20.000),
(100, '2014-03-18 13:04:39', 1, 10, 1, 60.000),
(101, '2014-03-18 13:15:39', 1, 10, 1, 1260.000),
(102, '2014-03-19 11:54:00', 1, 10, 1, 120.000),
(103, '2014-03-19 13:18:01', 1, 0, 0, 0.000),
(104, '2014-03-19 13:23:35', 1, 0, 0, 0.000),
(105, '2014-03-19 13:24:25', 1, 0, 0, 0.000),
(106, '2014-03-19 13:24:51', 2, 0, 0, 0.000),
(107, '2014-03-19 13:27:40', 1, 0, 0, 0.000),
(108, '2014-03-19 13:27:43', 2, 10, 1, 10.000),
(109, '2014-03-19 13:28:30', 1, 0, 0, 0.000),
(110, '2014-03-19 13:47:38', 2, 10, 1, 10.000),
(111, '2014-03-19 13:56:49', 2, 0, 0, 0.000),
(112, '2014-03-19 17:19:52', 1, 0, 0, 0.000),
(113, '2014-03-19 18:08:38', 1, 0, 0, 0.000),
(114, '2014-03-19 18:09:04', 1, 0, 0, 0.000),
(115, '2014-03-19 18:09:27', 1, 0, 0, 0.000),
(116, '2014-03-19 18:09:41', 1, 10, 1, 10.000),
(117, '2014-03-19 18:16:52', 1, 0, 0, 0.000),
(118, '2014-03-19 18:17:50', 1, 10, 1, 10.000),
(119, '2014-03-19 18:20:06', 5, 10, 1, 20.000),
(120, '2014-03-19 18:29:11', 5, 10, 1, 860.000),
(121, '2014-03-19 18:32:31', 1, 0, 0, 0.000),
(122, '2014-03-19 18:36:00', 1, 10, 1, 10.000),
(123, '2014-03-19 18:37:45', 1, 10, 1, 20.000),
(124, '2014-03-19 18:45:38', 1, 0, 0, 0.000),
(125, '2014-03-19 18:45:54', 1, 10, 1, 10.000),
(126, '2014-03-19 19:11:40', 1, 0, 0, 0.000),
(127, '2014-03-19 19:13:16', 1, 0, 0, 0.000),
(128, '2014-03-19 19:32:23', 1, 10, 1, 10.000),
(129, '2014-03-19 19:40:33', 1, 0, 0, 0.000),
(130, '2014-03-19 19:40:44', 1, 0, 0, 0.000),
(131, '2014-03-19 19:41:24', 1, 0, 0, 0.000),
(132, '2014-03-19 19:41:56', 1, 10, 1, 10.000),
(133, '2014-03-19 20:32:38', 1, 10, 1, 20.000),
(134, '2014-03-19 20:34:07', 1, 10, 1, 20.000),
(135, '2014-03-19 20:41:19', 1, 0, 0, 0.000),
(136, '2014-03-19 20:45:09', 1, 10, 1, 20.000),
(137, '2014-03-19 20:46:23', 1, 10, 1, 10.000),
(138, '2014-03-19 20:47:16', 1, 10, 1, 10.000),
(139, '2014-03-19 20:48:02', 1, 10, 1, 10.000),
(140, '2014-03-19 20:52:04', 1, 10, 1, 10.000),
(141, '2014-03-19 20:52:39', 1, 0, 0, 0.000),
(142, '2014-03-19 20:56:24', 1, 10, 1, 10.000),
(143, '2014-03-20 12:49:35', 1, 10, 1, 10.000),
(144, '2014-03-20 12:55:07', 1, 10, 1, 10.000),
(145, '2014-03-20 13:04:02', 1, 10, 1, 10.000),
(146, '2014-03-20 13:15:21', 1, 10, 1, 10.000),
(147, '2014-03-20 13:15:57', 1, 10, 1, 10.000),
(148, '2014-03-20 13:22:53', 1, 10, 1, 10.000),
(149, '2014-03-20 13:26:11', 1, 10, 1, 10.000),
(150, '2014-03-20 13:26:50', 1, 10, 1, 10.000),
(151, '2014-03-20 13:28:50', 1, 10, 1, 20.000),
(152, '2014-03-20 13:29:37', 1, 0, 0, 0.000),
(153, '2014-03-20 13:30:13', 1, 10, 1, 70.000),
(154, '2014-03-20 13:30:57', 1, 0, 0, 0.000),
(155, '2014-03-20 13:31:37', 1, 0, 0, 0.000),
(156, '2014-03-20 13:32:37', 1, 0, 0, 0.000),
(157, '2014-03-20 15:08:01', 1, 0, 0, 0.000),
(158, '2014-03-20 15:21:10', 1, 0, 0, 0.000),
(159, '2014-03-20 15:22:09', 1, 0, 0, 0.000),
(160, '2014-03-20 15:23:16', 1, 0, 0, 0.000),
(161, '2014-03-20 18:47:25', 1, 10, 1, 10.000),
(162, '2014-03-21 15:27:50', 1, 0, 0, 0.000);

-- --------------------------------------------------------

--
-- Table structure for table `palavras`
--

DROP TABLE IF EXISTS `palavras`;
CREATE TABLE IF NOT EXISTS `palavras` (
  `id_palavra` int(10) unsigned NOT NULL AUTO_INCREMENT,
  `palavra` varchar(150) NOT NULL,
  `dica1` varchar(150) NOT NULL,
  `dica2` varchar(150) NOT NULL,
  `dica3` varchar(150) NOT NULL,
  `etapa` tinyint(1) NOT NULL DEFAULT '1',
  PRIMARY KEY (`id_palavra`)
) ENGINE=InnoDB  DEFAULT CHARSET=utf8 AUTO_INCREMENT=311 ;

--
-- Dumping data for table `palavras`
--

INSERT INTO `palavras` (`id_palavra`, `palavra`, `dica1`, `dica2`, `dica3`, `etapa`) VALUES
(3, 'BASQUETE', 'ESPORTE', 'CESTA', 'OSCAR', 1),
(5, 'SETEMBRO', 'MÊS', 'AGOSTO', 'DEPOIS', 1),
(6, 'BODE', 'CABRA', 'MACHO', 'CABRITO', 1),
(8, 'REAL', 'DINHEIRO', 'BRASIL', 'IMAGINÁRIO', 1),
(9, 'MILHO', 'PIPOCA', 'GALINHA', 'ALIMENTO', 1),
(10, 'AXILA', 'SUVACO', 'SUOR', 'BRAÇO', 1),
(11, 'CONSOANTE', 'ALFABETO', 'VOGAL', 'LETRA', 1),
(12, 'PARIS', 'FRANÇA', 'CAPITAL', 'EIFEL', 1),
(13, 'CACIQUE', 'ÍNDIOS', 'CHEFE', 'TRIBO', 1),
(15, 'ROSA', 'FLOR', 'COR', 'ESPINHOS', 1),
(16, 'DAMA', 'CAVALHEIRO', 'COMPANHEIRA', 'SENHORA', 1),
(17, 'DOCE', 'SALGADO', 'OPOSTO', 'AÇÚCAR', 1),
(18, 'QUARTO', 'TERCEIRO', 'DEPOIS', 'DORMIR', 1),
(19, 'SÁBADO', 'SEXTA', 'DEPOIS', 'DOMINGO', 1),
(20, 'LATIR', 'CACHORRO', 'FALAR', 'MIAR', 1),
(22, 'DILMA', 'PRESIDENTE', 'BRASIL', 'ATUAL', 1),
(23, 'CINDERELA', 'SAPATINHO', 'CRISTAL', 'ABÓBORA', 1),
(24, 'EGITO', 'PAÍS', 'PIRÂMIDES', 'ESFINGE', 1),
(25, 'SAPATO', 'CALÇADO', 'SOCIAL', 'TÊNIS', 1),
(26, 'ALMOÇAR', 'JANTAR', 'ANTES', 'FOME', 1),
(27, 'CADEIRA', 'MESA', 'SENTAR', 'PERNAS', 1),
(28, 'DIMINUIR', 'AUMENTAR', 'OPOSTO', 'APEQUENAR', 1),
(29, 'NUVEM', 'CÉU', 'FOFINHO', 'BRANCA', 1),
(30, 'NAVIO', 'BARCO', 'GRANDE', 'TRANSATLÂNTICO', 1),
(31, 'TATUAGEM', 'DESENHO', 'CORPO', 'MARCA', 2),
(32, 'NOITE', 'DIA', 'OPOSTO', 'LUA', 2),
(33, 'JESUS', 'CRISTO', 'DEUS', 'FILHO', 2),
(34, 'PERDER', 'GANHAR', 'OPOSTO', 'DERROTA', 2),
(35, 'LESTE', 'OESTE', 'OPOSTO', 'CARDEAL', 2),
(36, 'PELADO', 'NU', 'SEMELHANTE', 'VESTIDO', 2),
(37, 'TRÊS', 'NÚMERO', 'DOIS', 'DEPOIS', 2),
(38, 'CAIM', 'BÍBLIA', 'ABEL', 'IRMÃO', 2),
(39, 'NETO', 'AVÔ', 'MIMAR', 'FILHOS', 2),
(40, 'NARIZ', 'ROSTO', 'BOCA', 'ACIMA', 2),
(41, 'PERU', 'AVE', 'NATAL', 'PAÍS', 2),
(42, 'GRAVATA', 'TERNO', 'COMPLEMENTO', 'COLARINHO', 2),
(43, 'ARANHA', 'INSETO', 'TEIA', 'TECE', 2),
(44, 'CELULAR', 'TELEFONE', 'PORTÁTIL', 'PEQUENO', 2),
(45, 'ESMALTE', 'UNHA', 'PINTAR', 'COLORIDO', 2),
(46, 'AQUÁRIO', 'PEIXES', 'VIDRO', 'DECORAÇÃO', 2),
(47, 'CINEMA', 'FILME', 'ASSISTIR', 'LUGAR', 2),
(48, 'SANTOS', 'TIME', 'PELÉ', 'NEYMAR', 2),
(49, 'SANGALO', 'CANTORA', 'IVETE', 'SOBRENOME', 2),
(50, 'RONALDO', 'JOGADOR', 'FENÔMENO', 'ARTILHEIRO', 2),
(51, 'CORINTHIANS', 'TIMÃO', 'PALMEIRAS', 'ADVERSÁRIO', 2),
(52, 'VERDE', 'COR', 'BANDEIRA', 'FOLHAS', 2),
(53, 'PIOR', 'MELHOR', 'OPOSTO', 'RUIM', 2),
(54, 'MINUTO', 'HORA', 'UNIDADE', 'SESSENTA', 2),
(55, 'PORTA', 'FECHADURA', 'BATENTE', 'ABRIR', 2),
(56, 'METRÔ', 'VAGÃO', 'SUBTERRÂNEO', 'ESTAÇÃO', 2),
(57, 'MENTIRA', 'VERDADE', 'OPOSTO', 'FALSIDADE', 2),
(58, 'RATO', 'GATO', 'PERSEGUE', 'CAMUNDONGO', 2),
(59, 'BANANA', 'FRUTA', 'MACACO', 'AMARELA', 2),
(60, 'BRINCO', 'ORELHA', 'PENDURADO', 'DECORAÇÃO', 3),
(61, 'SOGRA', 'NORA', 'OPOSTO', 'MÃE', 3),
(62, 'OURO', 'PRATA', 'AMARELO', 'MEDALHA', 3),
(63, 'ESCADA', 'DEGRAUS', 'COMPOSTA', 'SUBIR', 3),
(64, 'ESCURO', 'CLARO', 'OPOSTO', 'BREU', 3),
(65, 'PÁSCOA', 'COELHINHO', 'OVOS', 'FERIADO', 3),
(66, 'COBRA', 'RASTEJA', 'PEÇONHA', 'CORAL', 3),
(67, 'SEREIA', 'MULHER', 'PEIXE', 'LENDA', 3),
(68, 'FUTURO', 'PASSADO', 'OPOSTO', 'DEPOIS', 3),
(69, 'DIETA', 'EMAGRECER', 'CONTROLE', 'POUCA', 3),
(70, 'AMOR', 'ÓDIO', 'OPOSTO', 'PAIXÃO', 3),
(71, 'ALUNO', 'PROFESSOR', 'ENSINA', 'APRENDE', 3),
(72, 'COMPRAR', 'VENDER', 'OPOSTO', 'ACUMULAR', 3),
(73, 'GIMENEZ', 'LUCIANA', 'SOBRENOME', 'ÁRABE', 3),
(74, 'CHIQUEIRO', 'PORCO', 'LOCAL', 'SUJEIRA', 3),
(75, 'BOCA', 'DENTES', 'LÁBIOS', 'ROSTO', 3),
(76, 'ESCORPIÃO', 'SIGNO', 'INSETO', 'AGRESSIVO', 3),
(77, 'CARVÃO', 'CHURRASCO', 'LABAREDA', 'FOGO', 3),
(78, 'FLAMENGO', 'TIME', 'RIO', 'FLUMINENSE', 4),
(79, 'REVISTA', 'JORNAL', 'FOLHAS', 'VEJA', 4),
(80, 'COVARDE', 'CORAJOSO', 'OPOSTO', 'TEMEROSO', 4),
(81, 'SAMBA', 'CARNAVAL', 'RITMO', 'MÚSICA', 4),
(82, 'HEBE', 'CAMARGO', 'NOME', 'APRESENTADORA', 4),
(83, 'SOLTEIRO', 'CASADO', 'ANTES', 'SOZINHO', 4),
(84, 'BOMBEIRO', 'FOGO', 'COMBATE', 'POLICIAL', 4),
(85, 'MACARRÃO', 'MASSA', 'MOLHO', 'MIOJO', 4),
(86, 'LIMÃO', 'FRUTA', 'AZEDA', 'VERDE', 4),
(87, 'TECLADO', 'COMPUTADOR', 'ESCREVER', 'DIGITAR', 4),
(88, 'ARROZ', 'FEIJÃO', 'COMPLEMENTO', 'BRANCO', 4),
(89, 'FOTO', 'CÂMERA', 'TIRAR', 'RETRATO', 4),
(90, 'OBAMA', 'PRESIDENTE', 'AMERICANO', 'BARACK', 5),
(91, 'ZÍPER', 'CALÇA', 'FECHAR', 'BRAGILHA', 5),
(92, 'CHÃO', 'TETO', 'OPOSTO', 'PISAR', 5),
(93, 'SILICONE', 'SEIOS', 'IMPLANTE', 'AUMENTAR', 5),
(94, 'TRÂNSITO', 'CARROS', 'CONGESTIONAMENTO', 'RUSH', 5),
(95, 'PERUCA', 'CABELO', 'POSTIÇO', 'FALSO', 5),
(96, 'SATURNO', 'PLANETA', 'ANÉIS', 'VÊNUS', 6),
(97, 'ACENTO', 'PONTUAÇÃO', 'CIRCUNFLEXO', 'AGUDO', 6),
(98, 'LÁPIS', 'CANETA', 'GRAFITE', 'ROLIÇO', 6),
(99, 'TESOURA', 'OBJETO', 'CORTAR', 'CABELO', 6),
(100, 'MÉDICO', 'PACIENTE', 'ENFERMEIRA', 'CUIDA', 6),
(101, 'XUXA', 'RAINHA', 'BAIXINHOS', 'APRESENTADORA', 6),
(102, 'AMOR', 'SENTIMENTO', 'ÓDIO', 'CORAÇÃO', 1),
(103, 'ÁGUA', 'FOGO', 'BEBER', 'TRANSPARENTE', 1),
(104, 'AZUL', 'COR', 'CÉU', 'MAR', 1),
(105, 'APAGAR', 'BORRACHA', 'ACENDER', 'DESLIGAR', 1),
(106, 'ABAIXO', 'ACIMA', 'LADO', 'DIMINUIR', 1),
(107, 'AUMENTAR', 'DIMINUIR', 'VOLUME', 'MAIS', 1),
(108, 'ALFACE', 'SALADA', 'VERDE', 'CRESPA', 1),
(109, 'ABAIXO', 'ACIMA', 'DIMINUIR', 'LADO', 1),
(110, 'AUMENTAR', 'DIMINUIR', 'CRESCER', 'VOLUME', 1),
(111, 'AGOSTO', 'MÊS', 'DESGOSTO', 'JULHO', 1),
(112, 'ACERTAR', 'ERRAR', 'ALVO', 'ATINGIR', 1),
(113, 'AMANHÃ', 'HOJE', 'DIA', 'PRÓXIMO', 1),
(114, 'ATLÂNTICO', 'OCEANO', 'ÁGUA', 'PACÍFICO', 1),
(115, 'ALUNO', 'ESCOLA', 'PROFESSOR', 'ESTUDANTE', 1),
(116, 'AZUL', 'COR', 'CÉU', 'MAR', 1),
(117, 'ABACAXI', 'FRUTA', 'AMARELA', 'CASCA', 1),
(118, 'ARANHA', 'ARACNÍDEO', 'TEIA', 'INSETO', 1),
(119, 'ÁRVORE', 'TRONCO', 'PLANTA', 'ALTA', 1),
(120, 'AREIA', 'PRAIA', 'QUENTE', 'AMARELA', 1),
(121, 'AFTA', 'FERIDA', 'BOCA', 'DOR', 1),
(122, 'AVIÃO', 'VOA', 'ASA', 'HÉLICE', 1),
(123, 'BIGODE', 'BARBA', 'PELO', 'BOCA', 1),
(124, 'CABRA', 'BODE', 'LEITE', 'ANIMAL', 1),
(125, 'BÊBADO', 'BEBIDA', 'EXCESSO', 'VÍCIO', 1),
(126, 'BRASIL', 'PAÍS', 'SELEÇÃO', 'PÁTRIA', 1),
(127, 'BOLO', 'DOCE', 'REDONDO', 'FARINHA', 1),
(128, 'BIQUIÍNI', 'PRAIA', 'ROUPA', 'MULHERES', 1),
(129, 'BURRO', 'ANIMAL', 'MAMÍFERO', 'SHREK', 1),
(130, 'BONITO', 'FEIO', 'BELO', 'LINDO', 1),
(131, 'BOCA', 'LÁBIO', 'LÍNGUA', 'FALAR', 1),
(132, 'BAMBI', 'VEADO', 'DESENHO', 'FRÁGIL', 1),
(133, 'BICICLETA', 'PEDAL', 'SELIM', 'TRANSPORTE', 1),
(134, 'BARALHO', 'JOGO', 'BURACO', 'PÔQUER', 1),
(135, 'BATOM', 'COSMÉTICO', 'BOCA', 'PINTURA', 1),
(136, 'BANANA', 'MACACO', 'FRUTA', 'AMARELO', 1),
(137, 'BERIMBAU', 'CAPOEIRA', 'INSTRUMENTO', 'CABAÇA', 1),
(138, 'CACHORRO', 'ANIMAL', 'AMIGO', 'LATIDO', 1),
(139, 'CINQUENTA', 'ONÇA', 'NOTA', 'DINHEIRO', 1),
(140, 'CEBOLA', 'LEGUME', 'CORTAR', 'CHORAR', 1),
(141, 'CORAÇÃO', 'AMOR', 'ÓRGÃO', 'SANGUE', 1),
(142, 'CAVALO', 'CAVALGAR', 'ANIMAL', 'RODEIO', 1),
(143, 'CHORAR', 'SORRIR', 'EMOÇÃO', 'LÁGRIMAS', 1),
(144, 'CANHOTO', 'DESTRO', 'ESQUERDA', 'MÃO', 1),
(145, 'CAFÉ', 'BEBIDA', 'ESCURA', 'QUENTE', 1),
(146, 'CASTELO', 'REI', 'RAINHA', 'MORADIA', 1),
(147, 'CHIFRE', 'CABEÇA', 'CORNO', 'ANIMAL', 1),
(148, 'CINDERELA', 'SAPATO', 'PRINCESA', 'PERDER', 1),
(149, 'CORINTHIANS', 'PALMEIRAS', 'TIMÃO', 'CAMPEÃO', 1),
(150, 'CINTO', 'FIVELA', 'CALÇA', 'ACESSÓRIO', 1),
(151, 'CINEMA', 'FILME', 'TELÃO', 'SALA', 1),
(152, 'CAMA', 'DORMIR', 'TRAVESSEIRO', 'COLCHÃO', 2),
(153, 'CELULAR', 'APARELHO', 'TELEFONE', 'MÓVEL', 2),
(154, 'CHUVEIRO', 'BANHO', 'ÁGUA', 'BANHEIRO', 2),
(155, 'CRÉDITO', 'CARTÃO', 'COMPRAS', 'BANCO', 2),
(156, 'CARVALHO', 'MARCELO', 'SOBRENOME', 'ÁRVORE', 2),
(157, 'COMPRIDO', 'CURTO', 'LONGO', 'GRANDE', 2),
(158, 'CERVEJA', 'BEBIDA', 'BAR', 'AMIGOS', 2),
(159, 'DEPOIS', 'ANTES', 'APÓS', 'DURANTE', 2),
(160, 'DÓLAR', 'DINHEIRO', 'EUA', 'VERDINHAS', 2),
(161, 'DOCE', 'SALGADO', 'AÇÚCAR', 'QUITUTE', 2),
(162, 'DIREITA', 'ESQUERDA', 'LADO', 'DIREÇÃO', 2),
(163, 'DESCER', 'SUBIR', 'ESCADA', 'BAIXO', 2),
(164, 'DEVAGAR', 'RÁPIDO', 'LENTO', 'VELOCIDADE', 2),
(165, 'DENTISTA', 'DENTE', 'MÉDICO', 'APARELHO', 2),
(166, 'DALMATA', 'CACHORRO', 'PINTAS', 'FILME', 2),
(167, 'DILMA', 'PRESIDENTE', 'BRASIL', 'MULHER', 2),
(168, 'DORMIR', 'ACORDAR', 'SONO', 'CAMA', 2),
(169, 'ELEFANTE', 'ANIMAL', 'GRANDE', 'TROMBA', 2),
(170, 'ENTRADA', 'SAÍDA', 'PORTA', 'FRENTE', 2),
(171, 'ESPOSA', 'MARIDO', 'MULHER', 'CASAMENTO', 2),
(172, 'ESQUECER', 'LEMBRAR', 'MEMÓRIA', 'AMNÉSIA', 2),
(173, 'EVA', 'ADÃO', 'PARAÍSO', 'MAÇÃ', 2),
(174, 'EXTINTOR', 'INCÊNDIO', 'APAGAR', 'BOMBEIRO', 2),
(175, 'ESPOSA', 'MARIDO', 'MULHER', 'CASAMENTO', 2),
(176, 'ELEVADOR', 'PRÉDIO', 'SUBIR', 'DESCER', 2),
(177, 'ESQUINA', 'RUA', 'CRUZAMENTO', 'BIFURCAÇÃO', 2),
(178, 'ESCORPIÃO', 'FERRÃO', 'ANIMAL', 'VENENO', 2),
(179, 'FINO', 'GROSSO', 'ESPESSURA', 'BITOLA', 2),
(180, 'FELIZ', 'TRISTE', 'FELICIDADE', 'EMOÇÃO', 2),
(181, 'FEMININO', 'MASCULINO', 'MULHER', 'GENERO', 2),
(182, 'FEIJOADA', 'COMIDA', 'PORCO', 'BRASIL', 2),
(183, 'FOR A', 'DENTRO', 'LADO', 'EXTERIOR', 2),
(184, 'FLECHA', 'ARCO', 'ALVO', 'TIRO', 2),
(185, 'FOGÃO', 'ELETRODOMÉSTICO', 'COZINHA', 'QUENTE', 2),
(186, 'FECHAR', 'ABRIR', 'PORTA', 'TRANCA', 2),
(187, 'GRANDE', 'PEQUENO', 'ENORME', 'TAMANHO', 2),
(188, 'GEMA', 'OVO', 'CLARA', 'AMARELO', 2),
(189, 'GANHAR', 'PERDER', 'VENCER', 'CAMPEÃO', 2),
(190, 'GALINHA', 'OVO', 'PENA', 'CACAREJA', 2),
(191, 'GOLIAS', 'DAVI', 'GIGANTE', 'BIBLICO', 2),
(192, 'GARFO', 'FACA', 'COLHER', 'TALHER', 2),
(193, 'GASOLINA', 'POSTO', 'ÁLCOOL', 'COMBUSTIVEL', 2),
(194, 'GÊNIO', 'LÂMPADA', 'INTELIGENTE', 'ALADIM', 2),
(195, 'GIMENEZ', 'LUCIANA', 'SOBRENOME', 'APRESENTADORA', 2),
(196, 'HOLLYWOOD', 'CINEMA', 'OSCAR', 'PREMIAÇÃO', 2),
(197, 'HORIZONTAL', 'VERTICAL', 'DEITADO', '', 2),
(198, 'HOSPITAL', 'DOENTE', 'MÉDICO', 'LUGAR', 2),
(199, 'IGREJA', 'FÉ', 'MISSA', 'PADRE', 2),
(200, 'IGUAL', 'DIFERENTE', 'SEMELHANTE', 'PARECIDO', 2),
(201, 'ITÁLIA', 'PAÍS', 'EUROPA', 'BOTA', 2),
(202, 'IMPOSTO', 'TRIBUTO', 'FISCAL', 'GOVERNO', 3),
(203, 'JANELA', 'PORTA', 'CASA', 'MURO', 3),
(204, 'JACKSON', 'MICHAEL', 'SOBRENOME', 'CANTOR', 3),
(205, 'JEANS', 'CALÇA', 'TECIDO', 'AZUL', 3),
(206, 'JUDAS', 'JESUS', 'TRAIDOR', 'APÓSTOLO', 3),
(207, 'JACA', 'FRUTA', 'DOCE', 'PÉ', 3),
(208, 'LADRÃO', 'CRIMINOSO', 'BANDIDO', 'POLICIA', 3),
(209, 'LIQUIDIFICADOR', 'VITAMINA', 'ELETRODOMÉSTICO', 'BATIDA', 3),
(210, 'LUVA', 'MÃO', 'ACESSÓRIO', 'AQUECE', 3),
(211, 'LOIRA', 'MORENA', 'CABELO', 'AMARELO', 3),
(212, 'LEVAR', 'TRAZER', 'CARREGAR', 'CONDUZIR', 3),
(213, 'LÁPIS', 'ESCREVER', 'ESCOLA', 'GRAFITE', 3),
(214, 'LUA', 'SOL', 'NOITE', 'CÉU', 3),
(215, 'MÃE', 'PAI', 'AMAMENTA', 'MULHER', 3),
(216, 'MAÇÃ', 'FRUTA', 'VERMELHA', 'EVA', 3),
(217, 'MARACUJÁ', 'FRUTA', 'AZEDA', 'CALMANTE', 3),
(218, 'MALA', 'ALÇA', 'VIAGEM', 'OBJETO', 3),
(219, 'MUITO', 'POUCO', 'ABUNDANCIA', 'EXCESSO', 3),
(220, 'MANDELA', 'PRESIDENTE', 'ÁFRICA', 'NELSON', 3),
(221, 'MOLE', 'DURO', 'OPOSTO', 'CONSISTÊNCIA', 3),
(222, 'MACARRÃO', 'MASSA', 'MOLHO', 'ESPAGUETE', 3),
(223, 'MARÇO', 'FEVEREIRO', 'MÊS', 'ABRIL', 3),
(224, 'MAGRO', 'GORDO', 'ESBELTO', 'FINO', 3),
(225, 'MÃO', 'PÉ', 'DEDO', 'BRAÇO', 3),
(226, 'MACHO', 'FÊMEA', 'HOMEM', 'GÊNERO', 3),
(227, 'MULTIPLICAR', 'DIVIDIR', 'VEZES', 'MATEMÁTICA', 3),
(228, 'MOSTARDA', 'KETCHUP', 'CONDIMENTO', 'AMARELO', 3),
(229, 'MAIS', 'MENOS', 'SOMA', 'MATEMÁTICA', 3),
(230, 'MÉXICO', 'TEQUILA', 'AMÉRICA', 'PAÍS', 3),
(231, 'NATA', 'LEITE', 'CAMADA', 'SABOR', 3),
(232, 'NORTE', 'SUL', 'HEMISFÉRIO', 'ALTO', 3),
(233, 'NEGATIVO', 'POSITIVO', 'MENOS', 'RUIM', 3),
(234, 'NAFTALINA', 'VELHO', 'CHEIRO', 'BARATA', 3),
(235, 'NAPOLEÃO', 'FRANÇA', 'BONAPARTE', 'IMPERADOR', 3),
(236, 'OITO', 'NÚMERO', 'SETE', 'NOVE', 3),
(237, 'ÔNIBUS', 'TRANSPORTE', 'PÚBLICO', 'METRÔ', 3),
(238, 'OTIMISTA', 'PESSIMISTA', 'CONFIANTE', 'ADJETIVO', 3),
(239, 'OURO', 'PRATA', 'MEDALHA', 'DOURADO', 3),
(240, 'OBAMA', 'PRESIDENTE', 'NEGRO', 'BARACK', 3),
(241, 'PERTO', 'LONGE', 'OPOSTO', 'PRÓXIMO', 4),
(242, 'PERNAMBUCO', 'ESTADO', 'BRASILEIRO', 'FREVO', 4),
(243, 'PELÚCIA', 'URSO', 'BRINQUEDO', 'MACIO', 4),
(244, 'PRÉDIO', 'EDIFÍCIO', 'ELEVADOR', 'ANDARES', 4),
(245, 'PASTEL', 'FEIRA', 'FRITURA', 'MASSA', 4),
(246, 'PERUCA', 'CABEÇA', 'CABELO', 'FALSO', 4),
(247, 'PINGA', 'CACHAÇA', 'BEBIDA', 'BAR', 4),
(248, 'PNEU', 'CARRO', 'BORRACHA', 'CALIBRAR', 4),
(249, 'PLUTO', 'CACHORRO', 'MICKEY', 'DESENHO', 4),
(250, 'PESADELO', 'SONHO', 'RUIM', 'SUSTO', 4),
(251, 'PRIMAVERA', 'OUTONO', 'INVERNO', 'VERÃO', 4),
(252, 'PESADO', 'LEVE', 'BALANÇA', 'GORDO', 4),
(253, 'PIOR', 'MELHOR', 'OPOSTO', 'RUIM', 4),
(254, 'PREGO', 'MARTELO', 'PARAFUSO', 'PAREDE', 4),
(255, 'PERDEDOR', 'GANHADOR', 'OPOSTO', 'CAMPEÃO', 4),
(256, 'PARIS', 'CAPITAL', 'FRANÇA', 'TORRE', 4),
(257, 'PÁ', 'FERRAMENTA', 'OBRA', 'CAVAR', 4),
(258, 'PRESLEY', 'ELVIS', 'REI', 'ROCK', 4),
(259, 'QUINTAL', 'CASA', 'ÁREA', 'LAZER', 4),
(260, 'QUENTE', 'FRIO', 'TEMPERATURA', 'FOGO', 4),
(261, 'QUINZE', 'NÚMERO', 'QUATORZE', 'DEZESSEIS', 4),
(262, 'QUEIMAR', 'CONGELAR', 'FOGO', 'QUENTE', 4),
(263, 'RAIO', 'CHUVA', 'TROVÃO', 'ELETRICIDADE', 4),
(264, 'RESPONDER', 'PERGUNTAR', 'DIZER', 'FALAR', 4),
(265, 'RICO', 'POBRE', 'DINHEIRO', 'FORTUNA', 4),
(266, 'RESTAURANTE', 'COMIDA', 'ESTABELICIMENTO', 'GARÇOM', 4),
(267, 'ROSTO', 'FACE', 'CABEÇA', 'EXPRESSÃO', 4),
(268, 'REDONDO', 'QUADRADO', 'BOLA', 'CIRCULO', 4),
(269, 'SUJEIRA', 'LIMPO', 'LIXO', 'POEIRA', 4),
(270, 'SEGUNDO', 'PRIMEIRO', 'HORA', 'MINUTO', 4),
(271, 'SURDO', 'MUDO', 'AUDIÇÃO', 'OUVIDO', 4),
(272, 'SORTE', 'AZAR', 'JOGO', 'TREVO', 4),
(273, 'SUTIÃ', 'MULHER', 'ROUPA', 'SEIOS', 4),
(274, 'SOLTEIRA', 'NAMORADA', 'CASADA', 'LIVRE', 4),
(275, 'SAL', 'AÇÚCAR', 'MAR', 'GROSSO', 4),
(276, 'SEMPRE', 'NUNCA', 'ETERNO', 'PERMANENTE', 4),
(277, 'SINGULAR', 'PLURAL', 'OPOSTO', 'SOZINHO', 4),
(278, 'SALVADOR', 'CAPITAL', 'ESTADO', 'BAHIA', 4),
(279, 'SEMANA', 'DIAS', 'SETE', 'MESES', 4),
(280, 'SATURNO', 'ANÉIS', 'PLANETA', 'GRANDE', 4),
(281, 'SAMBA', 'MÚSICA', 'CARNAVAL', 'BRASIL', 4),
(282, 'SUL', 'NORTE', 'BAIXO', 'REGIÃO', 4),
(283, 'SECO', 'MOLHADO', 'UMIDADE', 'ÁRIDO', 4),
(284, 'SHREK', 'OGRO', 'FIONA', 'FILME', 4),
(285, 'SARAMPO', 'DOENÇA', 'BOLINHAS', 'COCEIRA', 5),
(286, 'SOBRINHO', 'IRMÃO', 'FILHO', 'PARENTE', 5),
(287, 'TRÊS', 'NÚMERO', 'DOIS', 'QUATRO', 5),
(288, 'TERESINA', 'PIAUÍ', 'CAPITAL', 'CIDADE', 5),
(289, 'TARZAN', 'CIPÓ', 'JANE', 'FLORESTA', 5),
(290, 'TSUNAMI', 'ONDA', 'GRANDE', 'MAREMOTO', 5),
(291, 'UMBIGO', 'BARRIGA', 'FURO', 'CORDÃO', 5),
(292, 'ÚLTIMO', 'PRIMEIRO', 'FILA', 'FINAL', 5),
(293, 'VOCÊ', 'EU', 'TU', 'SINGULAR', 5),
(294, 'VERÃO', 'INVERNO', 'SOL', 'CALOR', 6),
(295, 'VINTE', 'DEZENOVE', 'DEZENA', 'DOIS', 6),
(296, 'VACA', 'ANIMAL', 'LEITE', 'MALHADO', 6),
(297, 'VOGAL', 'LETRA', 'CONSOANTE', 'ALFABETO', 6),
(298, 'VELA', 'CERA', 'FOGO', 'ACESO', 6),
(299, 'VERDE', 'AMARELO', 'COR', 'BANDEIRA', 6),
(300, 'VAZIO', 'CHEIO', 'FALTA', 'OCO', 6),
(301, 'VENDER', 'COMPRAR', 'DINHEIRO', 'RECEBER', 6),
(302, 'VIVO', 'MORTO', 'VIDA', 'OPOSTO', 6),
(303, 'VIRGEM', 'SIGNO', 'SEXO', 'HIMEM', 6),
(304, 'VULCÃO', 'MAGMA', 'QUENTE', 'LAVA', 6),
(305, 'XAMPU', 'CONDICIONADOR', 'LIMPEZA', 'CABELO', 6),
(306, 'XUXA', 'RAINHA', 'BAIXINHOS', 'PAQUITAS', 6),
(307, 'XIXI', 'URINA', 'AMARELO', 'LIQUIDO', 6),
(308, 'ZEBRA', 'BICHO', 'LISTRADO', 'CAVALO', 6),
(309, 'PALAVRA', 'DICA1', 'DICA2', 'DICA3', 5);

-- --------------------------------------------------------

--
-- Table structure for table `palavras_jogos`
--

DROP TABLE IF EXISTS `palavras_jogos`;
CREATE TABLE IF NOT EXISTS `palavras_jogos` (
  `id_palavra` int(11) NOT NULL,
  `id_jogo` int(11) NOT NULL,
  KEY `id_palavra` (`id_palavra`),
  KEY `id_jogo` (`id_jogo`)
) ENGINE=InnoDB DEFAULT CHARSET=utf8;

--
-- Dumping data for table `palavras_jogos`
--

INSERT INTO `palavras_jogos` (`id_palavra`, `id_jogo`) VALUES
(136, 27),
(102, 27),
(3, 27),
(18, 27),
(6, 27),
(131, 27),
(124, 27),
(145, 27),
(148, 27),
(25, 27),
(15, 28),
(116, 28),
(8, 28),
(9, 28),
(148, 28),
(118, 28),
(147, 28),
(114, 28),
(141, 28),
(6, 28),
(142, 29),
(150, 29),
(120, 29),
(130, 29),
(24, 29),
(19, 29),
(17, 29),
(14, 29),
(113, 29),
(9, 29),
(12, 30),
(130, 30),
(149, 30),
(134, 30),
(145, 30),
(6, 30),
(29, 30),
(139, 30),
(142, 30),
(102, 30),
(149, 31),
(29, 31),
(126, 31),
(144, 31),
(25, 31),
(128, 31),
(129, 31),
(111, 31),
(20, 31),
(15, 31),
(52, 31),
(169, 31),
(154, 31),
(168, 31),
(51, 31),
(198, 31),
(152, 31),
(32, 31),
(174, 31),
(125, 32),
(123, 32),
(104, 32),
(28, 32),
(116, 32),
(11, 32),
(126, 32),
(137, 32),
(113, 32),
(112, 32),
(147, 33),
(23, 33),
(19, 33),
(108, 33),
(13, 33),
(112, 33),
(6, 33),
(135, 33),
(145, 33),
(139, 33),
(118, 34),
(126, 34),
(112, 34),
(123, 34),
(26, 34),
(150, 34),
(131, 34),
(146, 34),
(14, 34),
(107, 34),
(27, 35),
(148, 35),
(116, 35),
(137, 35),
(146, 35),
(142, 35),
(23, 35),
(132, 35),
(126, 35),
(14, 35),
(14, 36),
(107, 36),
(106, 36),
(11, 36),
(133, 36),
(122, 36),
(136, 36),
(21, 36),
(151, 36),
(30, 36),
(36, 36),
(167, 36),
(165, 36),
(174, 36),
(191, 36),
(39, 36),
(157, 36),
(31, 36),
(200, 36),
(237, 36),
(227, 36),
(239, 36),
(212, 36),
(215, 36),
(62, 36),
(73, 36),
(221, 36),
(259, 36),
(270, 36),
(81, 36),
(78, 36),
(274, 36),
(248, 36),
(260, 36),
(286, 36),
(287, 36),
(93, 36),
(292, 36),
(95, 36),
(288, 36),
(299, 36),
(302, 36),
(296, 36),
(297, 36),
(306, 36),
(30, 37),
(8, 37),
(25, 37),
(120, 37),
(137, 37),
(15, 37),
(27, 37),
(19, 37),
(150, 37),
(134, 37),
(139, 38),
(2, 38),
(20, 38),
(125, 38),
(6, 38),
(151, 38),
(110, 38),
(9, 38),
(17, 38),
(19, 38),
(134, 39),
(21, 39),
(117, 39),
(22, 39),
(11, 39),
(131, 39),
(145, 39),
(130, 39),
(132, 39),
(116, 39),
(10, 40),
(146, 40),
(18, 40),
(19, 40),
(20, 40),
(102, 40),
(132, 40),
(29, 40),
(9, 40),
(22, 40),
(140, 41),
(122, 41),
(108, 41),
(123, 41),
(149, 41),
(143, 41),
(5, 41),
(125, 41),
(147, 41),
(16, 41),
(139, 42),
(149, 42),
(25, 42),
(8, 42),
(132, 42),
(1, 42),
(103, 42),
(146, 42),
(4, 42),
(129, 42),
(17, 43),
(20, 43),
(102, 43),
(106, 43),
(149, 43),
(27, 43),
(145, 43),
(126, 43),
(125, 43),
(1, 43),
(137, 44),
(136, 44),
(149, 44),
(151, 44),
(127, 44),
(16, 44),
(28, 44),
(103, 44),
(4, 44),
(1, 44),
(123, 45),
(30, 45),
(121, 45),
(116, 45),
(138, 45),
(15, 45),
(144, 45),
(136, 45),
(12, 45),
(9, 45),
(28, 46),
(125, 46),
(124, 46),
(126, 46),
(123, 46),
(151, 46),
(27, 46),
(131, 46),
(120, 46),
(141, 46),
(4, 47),
(120, 47),
(129, 47),
(150, 47),
(130, 47),
(121, 47),
(125, 47),
(7, 47),
(26, 47),
(27, 47),
(110, 48),
(116, 48),
(127, 48),
(106, 48),
(3, 48),
(129, 48),
(20, 48),
(16, 48),
(130, 48),
(1, 48),
(17, 49),
(145, 49),
(129, 49),
(130, 49),
(110, 49),
(113, 49),
(143, 49),
(29, 49),
(18, 49),
(125, 49),
(109, 50),
(135, 50),
(118, 50),
(12, 50),
(115, 50),
(21, 50),
(26, 50),
(122, 50),
(7, 50),
(16, 50),
(26, 51),
(123, 51),
(110, 51),
(137, 51),
(132, 51),
(138, 51),
(15, 51),
(119, 51),
(151, 51),
(150, 51),
(149, 52),
(145, 52),
(144, 52),
(13, 52),
(30, 52),
(143, 52),
(17, 52),
(3, 52),
(11, 52),
(142, 52),
(38, 52),
(46, 52),
(155, 52),
(32, 52),
(50, 52),
(47, 52),
(55, 52),
(156, 52),
(171, 52),
(212, 52),
(63, 52),
(205, 52),
(72, 52),
(223, 52),
(204, 52),
(226, 52),
(231, 52),
(30, 53),
(123, 53),
(18, 53),
(112, 53),
(147, 53),
(103, 53),
(23, 53),
(27, 53),
(15, 53),
(133, 53),
(192, 53),
(166, 53),
(173, 53),
(188, 53),
(58, 53),
(38, 53),
(178, 53),
(33, 53),
(32, 53),
(206, 53),
(203, 53),
(71, 53),
(66, 53),
(228, 53),
(202, 53),
(232, 53),
(214, 53),
(254, 53),
(242, 53),
(87, 53),
(256, 53),
(264, 53),
(259, 53),
(86, 53),
(106, 54),
(13, 54),
(1, 54),
(8, 54),
(9, 54),
(123, 54),
(113, 54),
(131, 54),
(143, 54),
(129, 54),
(9, 55),
(148, 55),
(141, 55),
(20, 55),
(15, 55),
(147, 55),
(27, 55),
(8, 55),
(131, 55),
(109, 55),
(126, 56),
(104, 56),
(29, 56),
(140, 56),
(12, 56),
(102, 56),
(141, 56),
(111, 56),
(145, 56),
(15, 56),
(171, 56),
(35, 56),
(165, 56),
(42, 56),
(168, 56),
(170, 56),
(163, 56),
(188, 56),
(180, 56),
(8, 57),
(11, 57),
(146, 57),
(16, 57),
(140, 57),
(105, 57),
(116, 57),
(131, 57),
(3, 57),
(30, 57),
(103, 58),
(25, 58),
(142, 58),
(146, 58),
(123, 58),
(141, 58),
(130, 58),
(22, 58),
(120, 58),
(151, 58),
(148, 59),
(23, 59),
(139, 59),
(150, 59),
(134, 59),
(121, 59),
(114, 59),
(116, 59),
(10, 59),
(6, 59),
(113, 60),
(27, 60),
(21, 60),
(18, 60),
(15, 60),
(119, 60),
(28, 60),
(142, 60),
(109, 60),
(1, 60),
(22, 61),
(105, 61),
(144, 61),
(141, 61),
(3, 61),
(125, 61),
(142, 61),
(123, 61),
(23, 61),
(17, 61),
(120, 62),
(1, 62),
(143, 62),
(116, 62),
(22, 62),
(12, 62),
(112, 62),
(3, 62),
(129, 62),
(114, 62),
(15, 63),
(129, 63),
(124, 63),
(143, 63),
(4, 63),
(131, 63),
(16, 63),
(18, 63),
(19, 63),
(122, 63),
(136, 64),
(18, 64),
(14, 64),
(23, 64),
(10, 64),
(143, 64),
(113, 64),
(107, 64),
(130, 64),
(123, 64),
(140, 65),
(28, 65),
(136, 65),
(22, 65),
(26, 65),
(128, 65),
(134, 65),
(12, 65),
(148, 65),
(141, 65),
(116, 66),
(126, 66),
(18, 66),
(130, 66),
(141, 66),
(6, 66),
(147, 66),
(21, 66),
(7, 66),
(129, 66),
(151, 67),
(107, 67),
(7, 67),
(25, 67),
(121, 67),
(136, 67),
(108, 67),
(131, 67),
(22, 67),
(17, 67),
(123, 68),
(8, 68),
(109, 68),
(118, 68),
(126, 68),
(113, 68),
(26, 68),
(2, 68),
(1, 68),
(3, 68),
(114, 69),
(147, 69),
(24, 69),
(124, 69),
(11, 69),
(115, 69),
(142, 69),
(12, 69),
(15, 69),
(133, 69),
(132, 70),
(5, 70),
(115, 70),
(108, 70),
(22, 70),
(16, 70),
(129, 70),
(2, 70),
(147, 70),
(105, 70),
(124, 71),
(150, 71),
(119, 71),
(131, 71),
(10, 71),
(23, 71),
(137, 71),
(111, 71),
(8, 71),
(125, 71),
(133, 72),
(141, 72),
(21, 72),
(146, 72),
(125, 72),
(12, 72),
(19, 72),
(9, 72),
(120, 72),
(28, 72),
(141, 73),
(23, 73),
(114, 73),
(20, 73),
(8, 73),
(26, 73),
(146, 73),
(142, 73),
(136, 73),
(116, 73),
(105, 74),
(109, 74),
(19, 74),
(29, 74),
(127, 74),
(21, 74),
(6, 74),
(13, 74),
(107, 74),
(23, 74),
(9, 75),
(120, 75),
(114, 75),
(126, 75),
(5, 75),
(119, 75),
(18, 75),
(149, 75),
(138, 75),
(4, 75),
(129, 76),
(146, 76),
(123, 76),
(118, 76),
(17, 76),
(102, 76),
(114, 76),
(103, 76),
(28, 76),
(145, 76),
(120, 77),
(116, 77),
(133, 77),
(105, 77),
(118, 77),
(26, 77),
(14, 77),
(126, 77),
(115, 77),
(3, 77),
(134, 78),
(143, 78),
(116, 78),
(141, 78),
(145, 78),
(106, 78),
(127, 78),
(29, 78),
(20, 78),
(18, 78),
(110, 79),
(122, 79),
(148, 79),
(1, 79),
(4, 79),
(17, 79),
(130, 79),
(8, 79),
(142, 79),
(27, 79),
(18, 80),
(10, 80),
(142, 80),
(21, 80),
(7, 80),
(4, 80),
(19, 80),
(109, 80),
(104, 80),
(120, 80),
(108, 81),
(125, 81),
(122, 81),
(144, 81),
(13, 81),
(111, 81),
(112, 81),
(141, 81),
(6, 81),
(14, 81),
(103, 82),
(135, 82),
(111, 82),
(146, 82),
(2, 82),
(29, 82),
(23, 82),
(121, 82),
(126, 82),
(140, 82),
(133, 83),
(145, 83),
(129, 83),
(21, 83),
(4, 83),
(151, 83),
(124, 83),
(1, 83),
(112, 83),
(5, 83),
(30, 84),
(24, 84),
(27, 84),
(137, 84),
(141, 84),
(107, 84),
(29, 84),
(142, 84),
(6, 84),
(1, 84),
(4, 85),
(125, 85),
(14, 85),
(134, 85),
(104, 85),
(119, 85),
(18, 85),
(123, 85),
(150, 85),
(23, 85),
(13, 86),
(150, 86),
(114, 86),
(1, 86),
(132, 86),
(105, 86),
(6, 86),
(107, 86),
(115, 86),
(144, 86),
(145, 87),
(102, 87),
(25, 87),
(150, 87),
(122, 87),
(132, 87),
(144, 87),
(16, 87),
(120, 87),
(22, 87),
(140, 88),
(22, 88),
(139, 88),
(119, 88),
(127, 88),
(138, 88),
(16, 88),
(104, 88),
(125, 88),
(116, 88),
(18, 90),
(119, 90),
(145, 90),
(4, 90),
(108, 90),
(117, 90),
(11, 90),
(103, 90),
(8, 90),
(114, 90),
(2, 91),
(4, 91),
(24, 91),
(122, 91),
(136, 91),
(117, 91),
(27, 91),
(119, 91),
(16, 91),
(133, 91),
(108, 92),
(17, 92),
(137, 92),
(131, 92),
(115, 92),
(27, 92),
(148, 92),
(6, 92),
(28, 92),
(134, 92),
(22, 93),
(30, 93),
(9, 93),
(108, 93),
(146, 93),
(23, 93),
(137, 93),
(103, 93),
(131, 93),
(147, 93),
(142, 94),
(137, 94),
(127, 94),
(117, 94),
(116, 94),
(108, 94),
(19, 94),
(115, 94),
(118, 94),
(122, 94),
(142, 95),
(111, 95),
(146, 95),
(25, 95),
(117, 95),
(21, 95),
(143, 95),
(17, 95),
(8, 95),
(10, 95),
(151, 96),
(143, 96),
(20, 96),
(134, 96),
(136, 96),
(12, 96),
(22, 96),
(140, 96),
(29, 96),
(106, 96),
(120, 97),
(112, 97),
(103, 97),
(2, 97),
(23, 97),
(17, 97),
(132, 97),
(107, 97),
(130, 97),
(128, 97),
(23, 98),
(118, 98),
(4, 98),
(125, 98),
(140, 98),
(27, 98),
(127, 98),
(8, 98),
(5, 98),
(7, 98),
(158, 98),
(170, 98),
(200, 98),
(166, 98),
(152, 98),
(181, 98),
(186, 98),
(59, 98),
(195, 98),
(13, 99),
(22, 99),
(130, 99),
(116, 99),
(140, 99),
(24, 99),
(27, 99),
(121, 99),
(111, 99),
(123, 99),
(117, 100),
(25, 100),
(23, 100),
(146, 100),
(123, 100),
(126, 100),
(109, 100),
(121, 100),
(18, 100),
(17, 100),
(114, 101),
(12, 101),
(128, 101),
(111, 101),
(3, 101),
(104, 101),
(125, 101),
(136, 101),
(103, 101),
(138, 101),
(121, 102),
(123, 102),
(15, 102),
(25, 102),
(125, 102),
(27, 102),
(136, 102),
(12, 102),
(113, 102),
(11, 102),
(12, 103),
(133, 103),
(107, 103),
(120, 103),
(134, 103),
(105, 103),
(23, 103),
(28, 103),
(4, 103),
(144, 103),
(18, 104),
(122, 104),
(144, 104),
(112, 104),
(3, 104),
(2, 104),
(140, 104),
(110, 104),
(147, 104),
(134, 104),
(120, 105),
(2, 105),
(126, 105),
(119, 105),
(28, 105),
(112, 105),
(17, 105),
(118, 105),
(132, 105),
(105, 105),
(118, 106),
(3, 106),
(139, 106),
(123, 106),
(105, 106),
(30, 106),
(144, 106),
(132, 106),
(24, 106),
(113, 106),
(30, 107),
(145, 107),
(10, 107),
(16, 107),
(151, 107),
(3, 107),
(14, 107),
(133, 107),
(146, 107),
(110, 107),
(123, 108),
(121, 108),
(151, 108),
(118, 108),
(106, 108),
(109, 108),
(6, 108),
(134, 108),
(26, 108),
(23, 108),
(112, 109),
(143, 109),
(120, 109),
(7, 109),
(150, 109),
(136, 109),
(20, 109),
(129, 109),
(26, 109),
(128, 109),
(113, 110),
(110, 110),
(117, 110),
(15, 110),
(19, 110),
(3, 110),
(10, 110),
(129, 110),
(150, 110),
(120, 110),
(15, 111),
(3, 111),
(29, 111),
(104, 111),
(118, 111),
(13, 111),
(114, 111),
(18, 111),
(124, 111),
(103, 111),
(103, 112),
(20, 112),
(11, 112),
(115, 112),
(130, 112),
(139, 112),
(126, 112),
(107, 112),
(2, 112),
(9, 112),
(21, 113),
(138, 113),
(10, 113),
(8, 113),
(118, 113),
(110, 113),
(113, 113),
(103, 113),
(137, 113),
(12, 113),
(26, 114),
(105, 114),
(103, 114),
(13, 114),
(148, 114),
(27, 114),
(24, 114),
(116, 114),
(102, 114),
(17, 114),
(128, 115),
(125, 115),
(28, 115),
(111, 115),
(25, 115),
(20, 115),
(127, 115),
(130, 115),
(22, 115),
(138, 115),
(125, 116),
(15, 116),
(141, 116),
(9, 116),
(138, 116),
(5, 116),
(115, 116),
(150, 116),
(28, 116),
(130, 116),
(117, 117),
(8, 117),
(127, 117),
(124, 117),
(2, 117),
(20, 117),
(140, 117),
(25, 117),
(150, 117),
(4, 117),
(30, 118),
(142, 118),
(20, 118),
(23, 118),
(22, 118),
(5, 118),
(10, 118),
(24, 118),
(138, 118),
(109, 118),
(18, 119),
(9, 119),
(114, 119),
(15, 119),
(2, 119),
(151, 119),
(144, 119),
(124, 119),
(132, 119),
(3, 119),
(27, 120),
(28, 120),
(29, 120),
(103, 120),
(22, 120),
(9, 120),
(111, 120),
(21, 120),
(110, 120),
(30, 120),
(7, 121),
(109, 121),
(128, 121),
(135, 121),
(140, 121),
(2, 121),
(123, 121),
(18, 121),
(147, 121),
(114, 121),
(111, 122),
(131, 122),
(3, 122),
(102, 122),
(138, 122),
(113, 122),
(123, 122),
(28, 122),
(14, 122),
(106, 122),
(140, 123),
(7, 123),
(132, 123),
(130, 123),
(139, 123),
(124, 123),
(110, 123),
(21, 123),
(104, 123),
(138, 123),
(4, 124),
(113, 124),
(8, 124),
(123, 124),
(118, 124),
(12, 124),
(1, 124),
(151, 124),
(28, 124),
(3, 124),
(130, 125),
(118, 125),
(129, 125),
(114, 125),
(124, 125),
(15, 125),
(148, 125),
(126, 125),
(151, 125),
(122, 125),
(109, 126),
(1, 126),
(23, 126),
(27, 126),
(21, 126),
(116, 126),
(105, 126),
(12, 126),
(3, 126),
(119, 126),
(30, 127),
(123, 127),
(132, 127),
(150, 127),
(1, 127),
(8, 127),
(108, 127),
(121, 127),
(111, 127),
(133, 127),
(5, 128),
(15, 128),
(121, 128),
(112, 128),
(125, 128),
(135, 128),
(113, 128),
(7, 128),
(23, 128),
(120, 128),
(125, 129),
(21, 129),
(8, 129),
(151, 129),
(16, 129),
(13, 129),
(112, 129),
(11, 129),
(129, 129),
(110, 129),
(25, 130),
(108, 130),
(119, 130),
(113, 130),
(129, 130),
(22, 130),
(110, 130),
(118, 130),
(107, 130),
(133, 130),
(146, 131),
(127, 131),
(29, 131),
(131, 131),
(115, 131),
(18, 131),
(143, 131),
(8, 131),
(141, 131),
(11, 131),
(118, 132),
(113, 132),
(148, 132),
(144, 132),
(137, 132),
(112, 132),
(146, 132),
(123, 132),
(135, 132),
(27, 132),
(2, 133),
(119, 133),
(145, 133),
(12, 133),
(143, 133),
(113, 133),
(30, 133),
(103, 133),
(24, 133),
(138, 133),
(148, 134),
(8, 134),
(139, 134),
(117, 134),
(125, 134),
(6, 134),
(146, 134),
(102, 134),
(135, 134),
(4, 134),
(13, 135),
(109, 135),
(29, 135),
(2, 135),
(142, 135),
(102, 135),
(125, 135),
(24, 135),
(114, 135),
(105, 135),
(150, 136),
(16, 136),
(128, 136),
(112, 136),
(133, 136),
(143, 136),
(6, 136),
(19, 136),
(134, 136),
(140, 136),
(147, 137),
(15, 137),
(124, 137),
(106, 137),
(139, 137),
(150, 137),
(151, 137),
(19, 137),
(6, 137),
(144, 137),
(12, 138),
(16, 138),
(143, 138),
(117, 138),
(116, 138),
(151, 138),
(107, 138),
(150, 138),
(102, 138),
(112, 138),
(117, 139),
(122, 139),
(8, 139),
(108, 139),
(112, 139),
(23, 139),
(6, 139),
(102, 139),
(126, 139),
(26, 139),
(20, 140),
(151, 140),
(23, 140),
(105, 140),
(140, 140),
(1, 140),
(19, 140),
(108, 140),
(139, 140),
(130, 140),
(128, 141),
(136, 141),
(114, 141),
(23, 141),
(121, 141),
(133, 141),
(123, 141),
(138, 141),
(104, 141),
(126, 141),
(21, 142),
(110, 142),
(18, 142),
(149, 142),
(136, 142),
(142, 142),
(114, 142),
(125, 142),
(5, 142),
(108, 142),
(141, 143),
(20, 143),
(137, 143),
(104, 143),
(126, 143),
(147, 143),
(140, 143),
(3, 143),
(21, 143),
(138, 143),
(117, 144),
(15, 144),
(140, 144),
(18, 144),
(11, 144),
(105, 144),
(2, 144),
(144, 144),
(102, 144),
(151, 144),
(145, 145),
(121, 145),
(139, 145),
(130, 145),
(23, 145),
(151, 145),
(143, 145),
(30, 145),
(26, 145),
(126, 145),
(135, 146),
(143, 146),
(13, 146),
(6, 146),
(129, 146),
(21, 146),
(133, 146),
(26, 146),
(102, 146),
(140, 146),
(146, 147),
(5, 147),
(15, 147),
(118, 147),
(112, 147),
(26, 147),
(117, 147),
(119, 147),
(8, 147),
(19, 147),
(119, 148),
(106, 148),
(21, 148),
(108, 148),
(139, 148),
(120, 148),
(109, 148),
(148, 148),
(111, 148),
(103, 148),
(107, 149),
(126, 149),
(27, 149),
(148, 149),
(130, 149),
(106, 149),
(139, 149),
(13, 149),
(112, 149),
(140, 149),
(13, 150),
(106, 150),
(112, 150),
(121, 150),
(135, 150),
(137, 150),
(144, 150),
(30, 150),
(11, 150),
(110, 150),
(16, 151),
(123, 151),
(133, 151),
(108, 151),
(27, 151),
(17, 151),
(148, 151),
(118, 151),
(146, 151),
(138, 151),
(145, 153),
(19, 153),
(132, 153),
(26, 153),
(20, 153),
(27, 153),
(107, 153),
(16, 153),
(116, 153),
(23, 153),
(151, 161),
(113, 161),
(26, 161),
(111, 161),
(23, 161),
(148, 161),
(10, 161),
(118, 161),
(134, 161),
(22, 161),
(139, 162),
(119, 162),
(8, 162),
(116, 162),
(141, 162),
(138, 162),
(11, 162),
(126, 162),
(132, 162),
(151, 162);

--
-- Constraints for dumped tables
--

--
-- Constraints for table `jogos`
--
ALTER TABLE `jogos`
  ADD CONSTRAINT `jogos_ibfk_1` FOREIGN KEY (`id_jogador`) REFERENCES `jogadores` (`id_jogador`) ON DELETE CASCADE ON UPDATE CASCADE;

/*!40101 SET CHARACTER_SET_CLIENT=@OLD_CHARACTER_SET_CLIENT */;
/*!40101 SET CHARACTER_SET_RESULTS=@OLD_CHARACTER_SET_RESULTS */;
/*!40101 SET COLLATION_CONNECTION=@OLD_COLLATION_CONNECTION */;
